M2025-01,M2025-03,M2025-05,,M2025-07,M2025-09,M2025-11,,M2025-13,M2025-15,M2025-17,
M2025-02,M2025-04,M2025-06,,M2025-08,M2025-10,M2025-12,,M2025-14,M2025-16,M2025-18,
,,,,,,,,,,,
F2025-01,F2025-03,F2025-05,,F2025-07,F2025-09,F2025-11,,F2025-13,F2025-15,F2025-17,
F2025-02,F2025-04,F2025-06,,F2025-08,F2025-10,F2025-12,,F2025-14,F2025-16,F2025-18,
,,,,,,,,,,,
H2025-01,H2025-03,H2025-05,,H2025-07,H2025-09,H2025-11,,H2025-13,H2025-15,H2025-17,
H2025-02,H2025-04,H2025-06,,H2025-08,H2025-10,H2025-12,,H2025-14,H2025-16,H2025-18,
,,,,,,,,,,,
M2025-19,M2025-21,M2025-23,,M2025-25,M2025-27,M2025-29,,M2025-31,M2025-33,M2025-35,
M2025-20,M2025-22,M2025-24,,M2025-26,M2025-28,M2025-30,,M2025-32,M2025-34,M2025-36,
,,,,,,,,,,,
F2025-19,F2025-21,F2025-23,,F2025-25,F2025-27,F2025-29,,F2025-31,F2025-33,F2025-35,
F2025-20,F2025-22,F2025-24,,F2025-26,F2025-28,F2025-30,,F2025-32,F2025-34,F2025-36,
,,,,,,,,,,,
H2025-19,H2025-21,H2025-23,,H2025-25,H2025-27,H2025-29,,H2025-31,H2025-33,H2025-35,
H2025-20,H2025-22,H2025-24,,H2025-26,H2025-28,H2025-30,,H2025-32,H2025-34,H2025-36,
,,,,,,,,,,,
M2025-37,M2025-39,M2025-41,,M2025-43,M2025-45,M2025-47,,M2025-49,M2025-51,M2025-53,
M2025-38,M2025-40,M2025-42,,M2025-44,M2025-46,M2025-48,,M2025-50,M2025-52,M2025-54,
,,,,,,,,,,,
F2025-37,F2025-39,F2025-41,,F2025-43,F2025-45,F2025-47,,F2025-49,F2025-51,F2025-53,
F2025-38,F2025-40,F2025-42,,F2025-44,F2025-46,F2025-48,,F2025-50,F2025-52,F2025-54,
,,,,,,,,,,,
H2025-37,H2025-39,H2025-41,,H2025-43,H2025-45,H2025-47,,H2025-49,H2025-51,H2025-53,
H2025-38,H2025-40,H2025-42,,H2025-44,H2025-46,H2025-48,,H2025-50,H2025-52,H2025-54,
